,Unnamed: 0.18,Unnamed: 0.17,Unnamed: 0.16,Unnamed: 0.15,Unnamed: 0.14,Unnamed: 0.13,Unnamed: 0.12,Unnamed: 0.11,Unnamed: 0.10,Unnamed: 0.9,Unnamed: 0.8,Unnamed: 0.7,Unnamed: 0.6,Unnamed: 0.5,Unnamed: 0.4,Unnamed: 0.3,Unnamed: 0.2,Unnamed: 0.1,Unnamed: 0,dep,last_date,path_data,n_jobs,n_jobs_text,time,id_uuid,raw,clean
0,0.0,0.0,0.0,0.0,0.0,0.0,0.0,0.0,0.0,0.0,0.0,0.0,0.0,0.0,0.0,0.0,0.0,0.0,0.0,amazonas,24-09-2024,/data/amazonas/24-09-2024.csv,52,52 puesto(s) encontrado(s) en total.,,57c62a3b-e2bb-4809-9a80-0205116318fe,,
1,1.0,1.0,1.0,1.0,1.0,1.0,1.0,1.0,1.0,1.0,1.0,1.0,1.0,1.0,1.0,1.0,1.0,1.0,1.0,ancash,24-09-2024,/data/ancash/24-09-2024.csv,79,79 puesto(s) encontrado(s) en total.,,29d2f7c6-e75d-48b4-8c25-8065965ef725,,
2,2.0,2.0,2.0,2.0,2.0,2.0,2.0,2.0,2.0,2.0,2.0,2.0,2.0,2.0,2.0,2.0,2.0,2.0,2.0,junin,24-09-2024,/data/junin/24-09-2024.csv,250,250 puesto(s) encontrado(s) en total.,,425249a2-07f9-4065-88a7-d80b3847d446,,
3,3.0,3.0,3.0,3.0,3.0,3.0,3.0,3.0,3.0,3.0,3.0,3.0,3.0,3.0,3.0,3.0,3.0,3.0,3.0,apurimac,24-09-2024,/data/apurimac/24-09-2024.csv,113,113 puesto(s) encontrado(s) en total.,,11187f2c-741b-4de4-ae85-241132b9a518,,
4,4.0,4.0,4.0,4.0,4.0,4.0,4.0,4.0,4.0,4.0,4.0,4.0,4.0,4.0,4.0,4.0,4.0,4.0,4.0,la_libertad,24-09-2024,/data/la_libertad/24-09-2024.csv,234,234 puesto(s) encontrado(s) en total.,,fc3bee0a-c883-4f9e-a914-20bf514a10b4,,
5,5.0,5.0,5.0,5.0,5.0,5.0,5.0,5.0,5.0,5.0,5.0,5.0,5.0,5.0,5.0,5.0,5.0,5.0,5.0,arequipa,24-09-2024,/data/arequipa/24-09-2024.csv,210,210 puesto(s) encontrado(s) en total.,,05890097-773d-40d7-8122-aba457a385c5,,
6,6.0,6.0,6.0,6.0,6.0,6.0,6.0,6.0,6.0,6.0,6.0,6.0,6.0,6.0,6.0,6.0,6.0,6.0,6.0,lambayeque,24-09-2024,/data/lambayeque/24-09-2024.csv,54,54 puesto(s) encontrado(s) en total.,,88df3dec-eeeb-4620-b5c5-9747cdbd1b3c,,
7,7.0,7.0,7.0,7.0,7.0,7.0,7.0,7.0,7.0,7.0,7.0,7.0,7.0,7.0,7.0,7.0,7.0,7.0,7.0,ayacucho,24-09-2024,/data/ayacucho/24-09-2024.csv,85,85 puesto(s) encontrado(s) en total.,,9fdbf424-489c-422d-aac8-d111a34289e4,,
8,8.0,8.0,8.0,8.0,8.0,8.0,8.0,8.0,8.0,8.0,8.0,8.0,8.0,8.0,8.0,8.0,8.0,8.0,8.0,cajamarca,24-09-2024,/data/cajamarca/24-09-2024.csv,186,186 puesto(s) encontrado(s) en total.,,1781678a-b2d3-44b2-854a-33fade9cc653,,
9,9.0,9.0,9.0,9.0,9.0,9.0,9.0,9.0,9.0,9.0,9.0,9.0,9.0,9.0,9.0,9.0,9.0,9.0,9.0,callao,24-09-2024,/data/callao/24-09-2024.csv,64,64 puesto(s) encontrado(s) en total.,,98ab8883-1aff-46f8-91ce-f9a4bfbe8259,,
10,10.0,10.0,10.0,10.0,10.0,10.0,10.0,10.0,10.0,10.0,10.0,10.0,10.0,10.0,10.0,10.0,10.0,10.0,10.0,cusco,24-09-2024,/data/cusco/24-09-2024.csv,276,276 puesto(s) encontrado(s) en total.,,ad5f4203-f1e1-44ea-8629-db4615063508,,
11,11.0,11.0,11.0,11.0,11.0,11.0,11.0,11.0,11.0,11.0,11.0,11.0,11.0,11.0,11.0,11.0,11.0,11.0,11.0,huancavelica,24-09-2024,/data/huancavelica/24-09-2024.csv,111,111 puesto(s) encontrado(s) en total.,,aaefcef5-e27d-4e15-a5e8-d4a88481ffd1,,
12,12.0,12.0,12.0,12.0,12.0,12.0,12.0,12.0,12.0,12.0,12.0,12.0,12.0,12.0,12.0,12.0,12.0,12.0,12.0,huanuco,24-09-2024,/data/huanuco/24-09-2024.csv,163,163 puesto(s) encontrado(s) en total.,,153cf353-91db-40d4-92e2-0060a6503452,,
13,13.0,13.0,13.0,13.0,13.0,13.0,13.0,13.0,13.0,13.0,13.0,13.0,13.0,13.0,13.0,13.0,13.0,13.0,13.0,ica,24-09-2024,/data/ica/24-09-2024.csv,55,55 puesto(s) encontrado(s) en total.,,4f560611-9967-4cc0-87fd-cca1d3b56d06,,
14,14.0,14.0,14.0,14.0,14.0,14.0,14.0,14.0,14.0,14.0,14.0,14.0,14.0,14.0,14.0,14.0,14.0,14.0,14.0,lima,24-09-2024,/data/lima/24-09-2024.csv,1274,1274 puesto(s) encontrado(s) en total.,,761068da-98c2-474e-93af-381851621036,,
15,15.0,15.0,15.0,15.0,15.0,15.0,15.0,15.0,15.0,15.0,15.0,15.0,15.0,15.0,15.0,15.0,15.0,15.0,15.0,loreto,24-09-2024,/data/loreto/24-09-2024.csv,62,62 puesto(s) encontrado(s) en total.,,2dbae70e-17ff-4476-8ff5-ff20b0d5597e,,
16,16.0,16.0,16.0,16.0,16.0,16.0,16.0,16.0,16.0,16.0,16.0,16.0,16.0,16.0,16.0,16.0,16.0,16.0,16.0,madre_de_dios,24-09-2024,/data/madre_de_dios/24-09-2024.csv,28,28 puesto(s) encontrado(s) en total.,,72b34588-c317-424b-b14f-52a6cdf8b8f9,,
17,17.0,17.0,17.0,17.0,17.0,17.0,17.0,17.0,17.0,17.0,17.0,17.0,17.0,17.0,17.0,17.0,17.0,17.0,17.0,moquegua,24-09-2024,/data/moquegua/24-09-2024.csv,33,33 puesto(s) encontrado(s) en total.,,22756498-d02c-4916-bbe5-22baabac4c4b,,
18,18.0,18.0,18.0,18.0,18.0,18.0,18.0,18.0,18.0,18.0,18.0,18.0,18.0,18.0,18.0,18.0,18.0,18.0,18.0,junin,24-09-2024,/data/junin/24-09-2024.csv,250,250 puesto(s) encontrado(s) en total.,,019bb06c-746b-4de5-b2af-619bd9970ed7,,
19,19.0,19.0,19.0,19.0,19.0,19.0,19.0,19.0,19.0,19.0,19.0,19.0,19.0,19.0,19.0,19.0,19.0,19.0,19.0,pasco,24-09-2024,/data/pasco/24-09-2024.csv,64,64 puesto(s) encontrado(s) en total.,,d72dc4e5-b8bf-4c92-ac22-f0837b958ab5,,
20,20.0,20.0,20.0,20.0,20.0,20.0,20.0,20.0,20.0,20.0,20.0,20.0,20.0,20.0,20.0,20.0,20.0,20.0,20.0,piura,24-09-2024,/data/piura/24-09-2024.csv,44,44 puesto(s) encontrado(s) en total.,,973aa766-6a6d-433b-ac5d-b19f427c0784,,
21,21.0,21.0,21.0,21.0,21.0,21.0,21.0,21.0,21.0,21.0,21.0,21.0,21.0,21.0,21.0,21.0,21.0,21.0,21.0,puno,24-09-2024,/data/puno/24-09-2024.csv,153,153 puesto(s) encontrado(s) en total.,,e32100bf-205e-4d88-bcfc-169126a22c51,,
22,22.0,22.0,22.0,22.0,22.0,22.0,22.0,22.0,22.0,22.0,22.0,22.0,22.0,22.0,22.0,22.0,22.0,22.0,22.0,san_martin,24-09-2024,/data/san_martin/24-09-2024.csv,35,35 puesto(s) encontrado(s) en total.,,e93e331f-9b58-4bda-9bbd-dd72022f1083,,
23,23.0,23.0,23.0,23.0,23.0,23.0,23.0,23.0,23.0,23.0,23.0,23.0,23.0,23.0,23.0,23.0,23.0,23.0,23.0,tacna,24-09-2024,/data/tacna/24-09-2024.csv,66,66 puesto(s) encontrado(s) en total.,,372d9a11-6502-4d3f-9094-41b9a05be36c,,
24,24.0,24.0,24.0,24.0,24.0,24.0,24.0,24.0,24.0,24.0,24.0,24.0,24.0,24.0,24.0,24.0,24.0,24.0,24.0,tumbes,24-09-2024,/data/tumbes/24-09-2024.csv,23,23 puesto(s) encontrado(s) en total.,,97e853d1-8b3d-47a1-bc2e-db0b0527678a,,
25,25.0,25.0,25.0,25.0,25.0,25.0,25.0,25.0,25.0,25.0,25.0,25.0,25.0,25.0,25.0,25.0,25.0,25.0,25.0,ucayali,24-09-2024,/data/ucayali/24-09-2024.csv,171,171 puesto(s) encontrado(s) en total.,,0905859b-156e-4857-bd91-9dba2d881464,,
26,26.0,26.0,26.0,26.0,26.0,26.0,26.0,26.0,26.0,26.0,26.0,26.0,26.0,26.0,26.0,26.0,26.0,26.0,26.0,amazonas,25-09-2024,/data/amazonas/25-09-2024.csv,52,52 puesto(s) encontrado(s) en total.,,ba5e4e3b-309d-4ed4-8fb1-a7b441fb85b1,,
27,27.0,27.0,27.0,27.0,27.0,27.0,27.0,27.0,27.0,27.0,27.0,27.0,27.0,27.0,27.0,27.0,27.0,27.0,27.0,ancash,25-09-2024,/data/ancash/25-09-2024.csv,79,79 puesto(s) encontrado(s) en total.,,a894efe2-4199-4b0f-b463-d19a5a236f51,,
28,28.0,28.0,28.0,28.0,28.0,28.0,28.0,28.0,28.0,28.0,28.0,28.0,28.0,28.0,28.0,28.0,28.0,28.0,28.0,apurimac,25-09-2024,/data/apurimac/25-09-2024.csv,120,120 puesto(s) encontrado(s) en total.,,72d59164-a18b-4b0d-8dad-5ef4dd8cf1bb,,
29,29.0,29.0,29.0,29.0,29.0,29.0,29.0,29.0,29.0,29.0,29.0,29.0,29.0,29.0,29.0,29.0,29.0,29.0,29.0,junin,25-09-2024,/data/junin/25-09-2024.csv,240,240 puesto(s) encontrado(s) en total.,,87c5c9c2-7f05-43f0-877e-48e45c4ba164,,
30,30.0,30.0,30.0,30.0,30.0,30.0,30.0,30.0,30.0,30.0,30.0,30.0,30.0,30.0,30.0,30.0,30.0,30.0,30.0,arequipa,25-09-2024,/data/arequipa/25-09-2024.csv,205,205 puesto(s) encontrado(s) en total.,,c7634cf1-06aa-4ba9-88dd-e7c71d881372,,
31,31.0,31.0,31.0,31.0,31.0,31.0,31.0,31.0,31.0,31.0,31.0,31.0,31.0,31.0,31.0,31.0,31.0,31.0,31.0,la_libertad,25-09-2024,/data/la_libertad/25-09-2024.csv,234,234 puesto(s) encontrado(s) en total.,,b06fdf22-dcf1-4344-b56d-93737dc2de3a,,
32,32.0,32.0,32.0,32.0,32.0,32.0,32.0,32.0,32.0,32.0,32.0,32.0,32.0,32.0,32.0,32.0,32.0,32.0,32.0,lambayeque,25-09-2024,/data/lambayeque/25-09-2024.csv,53,53 puesto(s) encontrado(s) en total.,,d895b548-f366-4f51-948e-5ce3b7d1d3c9,,
33,33.0,33.0,33.0,33.0,33.0,33.0,33.0,33.0,33.0,33.0,33.0,33.0,33.0,33.0,33.0,33.0,33.0,33.0,33.0,ayacucho,25-09-2024,/data/ayacucho/25-09-2024.csv,81,81 puesto(s) encontrado(s) en total.,,e03678d9-6d2a-46d0-b8ea-cc72e547d632,,
34,34.0,34.0,34.0,34.0,34.0,34.0,34.0,34.0,34.0,34.0,34.0,34.0,34.0,34.0,34.0,34.0,34.0,34.0,34.0,loreto,25-09-2024,/data/loreto/25-09-2024.csv,67,67 puesto(s) encontrado(s) en total.,,dca25e9c-f759-4580-95b0-47d4fb2e68dc,,
35,35.0,35.0,35.0,35.0,35.0,35.0,35.0,35.0,35.0,35.0,35.0,35.0,35.0,35.0,35.0,35.0,35.0,35.0,35.0,cajamarca,25-09-2024,/data/cajamarca/25-09-2024.csv,167,167 puesto(s) encontrado(s) en total.,,7be0e213-7bab-453c-b710-51679b3258f2,,
36,36.0,36.0,36.0,36.0,36.0,36.0,36.0,36.0,36.0,36.0,36.0,36.0,36.0,36.0,36.0,36.0,36.0,36.0,36.0,madre_de_dios,25-09-2024,/data/madre_de_dios/25-09-2024.csv,25,25 puesto(s) encontrado(s) en total.,,f9c5db20-0d92-47de-a3e7-0cd3df7e7b07,,
37,37.0,37.0,37.0,37.0,37.0,37.0,37.0,37.0,37.0,37.0,37.0,37.0,37.0,37.0,37.0,37.0,37.0,37.0,37.0,moquegua,25-09-2024,/data/moquegua/25-09-2024.csv,34,34 puesto(s) encontrado(s) en total.,,403d0cd0-a9ec-4ef7-bad3-63898fc8623c,,
38,38.0,38.0,38.0,38.0,38.0,38.0,38.0,38.0,38.0,38.0,38.0,38.0,38.0,38.0,38.0,38.0,38.0,38.0,38.0,callao,25-09-2024,/data/callao/25-09-2024.csv,57,57 puesto(s) encontrado(s) en total.,,4ddc2048-83ee-404e-86dd-93fe445c8da4,,
39,39.0,39.0,39.0,39.0,39.0,39.0,39.0,39.0,39.0,39.0,39.0,39.0,39.0,39.0,39.0,39.0,39.0,39.0,39.0,pasco,25-09-2024,/data/pasco/25-09-2024.csv,55,55 puesto(s) encontrado(s) en total.,,671f6160-a087-4a0f-942a-b2844967ba49,,
40,40.0,40.0,40.0,40.0,40.0,40.0,40.0,40.0,40.0,40.0,40.0,40.0,40.0,40.0,40.0,40.0,40.0,40.0,40.0,piura,25-09-2024,/data/piura/25-09-2024.csv,41,41 puesto(s) encontrado(s) en total.,,e462f5c9-2f99-425c-b10f-9c3ec55fb44f,,
41,41.0,41.0,41.0,41.0,41.0,41.0,41.0,41.0,41.0,41.0,41.0,41.0,41.0,41.0,41.0,41.0,41.0,41.0,41.0,cusco,25-09-2024,/data/cusco/25-09-2024.csv,224,224 puesto(s) encontrado(s) en total.,,0d8b3eb8-5d19-414a-ba03-8567bd7ee4d4,,
42,42.0,42.0,42.0,42.0,42.0,42.0,42.0,42.0,42.0,42.0,42.0,42.0,42.0,42.0,42.0,42.0,42.0,42.0,42.0,puno,25-09-2024,/data/puno/25-09-2024.csv,204,204 puesto(s) encontrado(s) en total.,,cd06fba9-c925-4fe4-9f05-ec2d25ab410a,,
43,43.0,43.0,43.0,43.0,43.0,43.0,43.0,43.0,43.0,43.0,43.0,43.0,43.0,43.0,43.0,43.0,43.0,43.0,43.0,san_martin,25-09-2024,/data/san_martin/25-09-2024.csv,55,55 puesto(s) encontrado(s) en total.,,85a78f47-6fe3-48c2-a91f-3664c0b43a1a,,
44,44.0,44.0,44.0,44.0,44.0,44.0,44.0,44.0,44.0,44.0,44.0,44.0,44.0,44.0,44.0,44.0,44.0,44.0,44.0,lima,25-09-2024,/data/lima/25-09-2024.csv,1326,1326 puesto(s) encontrado(s) en total.,,4d5512a6-29f1-4e1c-8d2d-e0c5175b81a9,,
45,45.0,45.0,45.0,45.0,45.0,45.0,45.0,45.0,45.0,45.0,45.0,45.0,45.0,45.0,45.0,45.0,45.0,45.0,45.0,tacna,25-09-2024,/data/tacna/25-09-2024.csv,65,65 puesto(s) encontrado(s) en total.,,0a180002-7e45-41a1-85a5-ffecd59f546c,,
46,46.0,46.0,46.0,46.0,46.0,46.0,46.0,46.0,46.0,46.0,46.0,46.0,46.0,46.0,46.0,46.0,46.0,46.0,46.0,tumbes,25-09-2024,/data/tumbes/25-09-2024.csv,20,20 puesto(s) encontrado(s) en total.,,244709f8-3d25-4d20-ac37-fd3672fb785d,,
47,47.0,47.0,47.0,47.0,47.0,47.0,47.0,47.0,47.0,47.0,47.0,47.0,47.0,47.0,47.0,47.0,47.0,47.0,47.0,huancavelica,25-09-2024,/data/huancavelica/25-09-2024.csv,115,115 puesto(s) encontrado(s) en total.,,056800c9-fad6-4e07-a782-5d75057d34c8,,
48,48.0,48.0,48.0,48.0,48.0,48.0,48.0,48.0,48.0,48.0,48.0,48.0,48.0,48.0,48.0,48.0,48.0,48.0,48.0,huanuco,25-09-2024,/data/huanuco/25-09-2024.csv,135,135 puesto(s) encontrado(s) en total.,,aa2c1a31-3dce-4a4f-abd2-ac7525efe4e5,,
49,49.0,49.0,49.0,49.0,49.0,49.0,49.0,49.0,49.0,49.0,49.0,49.0,49.0,49.0,49.0,49.0,49.0,49.0,49.0,ica,25-09-2024,/data/ica/25-09-2024.csv,36,36 puesto(s) encontrado(s) en total.,,758919c0-2e08-4661-95c2-33926b865421,,
50,50.0,50.0,50.0,50.0,50.0,50.0,50.0,50.0,50.0,50.0,50.0,50.0,50.0,50.0,50.0,50.0,50.0,50.0,50.0,ucayali,25-09-2024,/data/ucayali/25-09-2024.csv,183,183 puesto(s) encontrado(s) en total.,,e77a1b48-c919-411c-ab63-fbc70b36000b,,
51,51.0,51.0,51.0,51.0,51.0,51.0,51.0,51.0,51.0,51.0,51.0,51.0,51.0,51.0,51.0,51.0,51.0,51.0,51.0,junin,25-09-2024,/data/junin/25-09-2024.csv,240,240 puesto(s) encontrado(s) en total.,,eb2cead7-d77f-450c-84c7-224baafb8c3b,,
52,52.0,52.0,52.0,52.0,52.0,52.0,52.0,52.0,52.0,52.0,52.0,52.0,52.0,52.0,52.0,52.0,52.0,52.0,52.0,amazonas,26-09-2024,/data/amazonas/26-09-2024.csv,47,47 puesto(s) encontrado(s) en total.,,68b67cf1-d106-4204-85cf-6c2fe06a75b1,,
53,53.0,53.0,53.0,53.0,53.0,53.0,53.0,53.0,53.0,53.0,53.0,53.0,53.0,53.0,53.0,53.0,53.0,53.0,53.0,ancash,26-09-2024,/data/ancash/26-09-2024.csv,44,44 puesto(s) encontrado(s) en total.,,4164e538-f3ef-4e81-897c-98b8c5cc6c7c,,
54,54.0,54.0,54.0,54.0,54.0,54.0,54.0,54.0,54.0,54.0,54.0,54.0,54.0,54.0,54.0,54.0,54.0,54.0,54.0,apurimac,26-09-2024,/data/apurimac/26-09-2024.csv,111,111 puesto(s) encontrado(s) en total.,,318dfbb0-8383-4ea4-9a2c-89b835cf1854,,
55,55.0,55.0,55.0,55.0,55.0,55.0,55.0,55.0,55.0,55.0,55.0,55.0,55.0,55.0,55.0,55.0,55.0,55.0,55.0,junin,26-09-2024,/data/junin/26-09-2024.csv,245,245 puesto(s) encontrado(s) en total.,,63e7802a-37cd-4ea8-b397-8fbc6ba05cb7,,
56,56.0,56.0,56.0,56.0,56.0,56.0,56.0,56.0,56.0,56.0,56.0,56.0,56.0,56.0,56.0,56.0,56.0,56.0,56.0,arequipa,26-09-2024,/data/arequipa/26-09-2024.csv,206,206 puesto(s) encontrado(s) en total.,,d42e75b8-54bf-4689-ad59-f39ddef6f1f3,,
57,57.0,57.0,57.0,57.0,57.0,57.0,57.0,57.0,57.0,57.0,57.0,57.0,57.0,57.0,57.0,57.0,57.0,57.0,57.0,la_libertad,26-09-2024,/data/la_libertad/26-09-2024.csv,234,234 puesto(s) encontrado(s) en total.,,f231c0ac-f957-446e-9496-24c0719c2109,,
58,58.0,58.0,58.0,58.0,58.0,58.0,58.0,58.0,58.0,58.0,58.0,58.0,58.0,58.0,58.0,58.0,58.0,58.0,58.0,ayacucho,26-09-2024,/data/ayacucho/26-09-2024.csv,62,62 puesto(s) encontrado(s) en total.,,146a244d-2a75-4cb0-b32f-2d82ce1f1e2b,,
59,59.0,59.0,59.0,59.0,59.0,59.0,59.0,59.0,59.0,59.0,59.0,59.0,59.0,59.0,59.0,59.0,59.0,59.0,59.0,lambayeque,26-09-2024,/data/lambayeque/26-09-2024.csv,53,53 puesto(s) encontrado(s) en total.,,eef0b051-9223-4229-bb46-87f08b6f52c8,,
60,60.0,60.0,60.0,60.0,60.0,60.0,60.0,60.0,60.0,60.0,60.0,60.0,60.0,60.0,60.0,60.0,60.0,60.0,60.0,loreto,26-09-2024,/data/loreto/26-09-2024.csv,54,54 puesto(s) encontrado(s) en total.,,a90affb1-9b9c-4aef-a63e-4531993faa57,,
61,61.0,61.0,61.0,61.0,61.0,61.0,61.0,61.0,61.0,61.0,61.0,61.0,61.0,61.0,61.0,61.0,61.0,61.0,61.0,madre_de_dios,26-09-2024,/data/madre_de_dios/26-09-2024.csv,17,17 puesto(s) encontrado(s) en total.,,e3e38e6e-fcba-41ce-b0ab-829e739e8662,,
62,62.0,62.0,62.0,62.0,62.0,62.0,62.0,62.0,62.0,62.0,62.0,62.0,62.0,62.0,62.0,62.0,62.0,62.0,62.0,cajamarca,26-09-2024,/data/cajamarca/26-09-2024.csv,152,152 puesto(s) encontrado(s) en total.,,243f1a46-ad3a-4f4a-bde0-fee38d7f99b5,,
63,63.0,63.0,63.0,63.0,63.0,63.0,63.0,63.0,63.0,63.0,63.0,63.0,63.0,63.0,63.0,63.0,63.0,63.0,63.0,moquegua,26-09-2024,/data/moquegua/26-09-2024.csv,27,27 puesto(s) encontrado(s) en total.,,b758c67d-1758-44cf-b509-d25d14280082,,
64,64.0,64.0,64.0,64.0,64.0,64.0,64.0,64.0,64.0,64.0,64.0,64.0,64.0,64.0,64.0,64.0,64.0,64.0,64.0,callao,26-09-2024,/data/callao/26-09-2024.csv,43,43 puesto(s) encontrado(s) en total.,,8598c03a-1d76-401e-9d69-345ffde8522f,,
65,65.0,65.0,65.0,65.0,65.0,65.0,65.0,65.0,65.0,65.0,65.0,65.0,65.0,65.0,65.0,65.0,65.0,65.0,65.0,pasco,26-09-2024,/data/pasco/26-09-2024.csv,52,52 puesto(s) encontrado(s) en total.,,74542a30-d3c5-4de2-95b3-d016fb6c8c07,,
66,66.0,66.0,66.0,66.0,66.0,66.0,66.0,66.0,66.0,66.0,66.0,66.0,66.0,66.0,66.0,66.0,66.0,66.0,66.0,piura,26-09-2024,/data/piura/26-09-2024.csv,56,56 puesto(s) encontrado(s) en total.,,c51d6c2c-e646-4cda-a210-3efe2fd305c2,,
67,67.0,67.0,67.0,67.0,67.0,67.0,67.0,67.0,67.0,67.0,67.0,67.0,67.0,67.0,67.0,67.0,67.0,67.0,67.0,cusco,26-09-2024,/data/cusco/26-09-2024.csv,204,204 puesto(s) encontrado(s) en total.,,5e00d4f7-add9-44d3-8245-296b9e8f2793,,
68,68.0,68.0,68.0,68.0,68.0,68.0,68.0,68.0,68.0,68.0,68.0,68.0,68.0,68.0,68.0,68.0,68.0,68.0,68.0,puno,26-09-2024,/data/puno/26-09-2024.csv,177,177 puesto(s) encontrado(s) en total.,,a0901ace-04c4-4851-8ee6-2f4a1f20c62d,,
69,69.0,69.0,69.0,69.0,69.0,69.0,69.0,69.0,69.0,69.0,69.0,69.0,69.0,69.0,69.0,69.0,69.0,69.0,69.0,huancavelica,26-09-2024,/data/huancavelica/26-09-2024.csv,118,118 puesto(s) encontrado(s) en total.,,c4af19df-becd-431b-9985-ad37dff2b15b,,
70,70.0,70.0,70.0,70.0,70.0,70.0,70.0,70.0,70.0,70.0,70.0,70.0,70.0,70.0,70.0,70.0,70.0,70.0,70.0,san_martin,26-09-2024,/data/san_martin/26-09-2024.csv,54,54 puesto(s) encontrado(s) en total.,,5c8da64a-9391-4117-9b79-bc3c0a944298,,
71,71.0,71.0,71.0,71.0,71.0,71.0,71.0,71.0,71.0,71.0,71.0,71.0,71.0,71.0,71.0,71.0,71.0,71.0,71.0,tacna,26-09-2024,/data/tacna/26-09-2024.csv,58,58 puesto(s) encontrado(s) en total.,,f323ce94-0749-4ac4-82e0-c873080f693d,,
72,72.0,72.0,72.0,72.0,72.0,72.0,72.0,72.0,72.0,72.0,72.0,72.0,72.0,72.0,72.0,72.0,72.0,72.0,72.0,lima,26-09-2024,/data/lima/26-09-2024.csv,1223,1223 puesto(s) encontrado(s) en total.,,9fba52df-c99a-433b-95e0-e4676226cc2d,,
73,73.0,73.0,73.0,73.0,73.0,73.0,73.0,73.0,73.0,73.0,73.0,73.0,73.0,73.0,73.0,73.0,73.0,73.0,73.0,tumbes,26-09-2024,/data/tumbes/26-09-2024.csv,11,11 puesto(s) encontrado(s) en total.,,a6e5eaaf-292a-478d-bf2a-c9cc73be83fb,,
74,74.0,74.0,74.0,74.0,74.0,74.0,74.0,74.0,74.0,74.0,74.0,74.0,74.0,74.0,74.0,74.0,74.0,74.0,74.0,huanuco,26-09-2024,/data/huanuco/26-09-2024.csv,138,138 puesto(s) encontrado(s) en total.,,0281a198-692d-4618-9947-3694f3d3c243,,
75,75.0,75.0,75.0,75.0,75.0,75.0,75.0,75.0,75.0,75.0,75.0,75.0,75.0,75.0,75.0,75.0,75.0,75.0,75.0,ica,26-09-2024,/data/ica/26-09-2024.csv,34,34 puesto(s) encontrado(s) en total.,,00b218fa-4dde-46c8-bc4b-faca061f141e,,
76,76.0,76.0,76.0,76.0,76.0,76.0,76.0,76.0,76.0,76.0,76.0,76.0,76.0,76.0,76.0,76.0,76.0,76.0,76.0,ucayali,26-09-2024,/data/ucayali/26-09-2024.csv,149,149 puesto(s) encontrado(s) en total.,,b4f4e1d1-57de-41f7-b766-1d06e0b8f9e2,,
77,77.0,77.0,77.0,77.0,77.0,77.0,77.0,77.0,77.0,77.0,77.0,77.0,77.0,77.0,77.0,77.0,77.0,77.0,77.0,junin,26-09-2024,/data/junin/26-09-2024.csv,245,245 puesto(s) encontrado(s) en total.,,b2f1cb63-f039-4d71-8da4-97f38ede5ab7,,
78,78.0,78.0,78.0,78.0,78.0,78.0,78.0,78.0,78.0,78.0,78.0,78.0,78.0,78.0,78.0,78.0,78.0,78.0,78.0,amazonas,28-09-2024,/data/amazonas/28-09-2024.csv,36,36 puesto(s) encontrado(s) en total.,,b4291784-837c-41e5-bdaa-8f095e1f48d7,,
79,79.0,79.0,79.0,79.0,79.0,79.0,79.0,79.0,79.0,79.0,79.0,79.0,79.0,79.0,79.0,79.0,79.0,79.0,79.0,ancash,28-09-2024,/data/ancash/28-09-2024.csv,38,38 puesto(s) encontrado(s) en total.,,a446512c-d59e-498c-aa31-e36319bce7ef,,
80,80.0,80.0,80.0,80.0,80.0,80.0,80.0,80.0,80.0,80.0,80.0,80.0,80.0,80.0,80.0,80.0,80.0,80.0,80.0,apurimac,28-09-2024,/data/apurimac/28-09-2024.csv,100,100 puesto(s) encontrado(s) en total.,,8cff36e0-b305-42a6-89c1-f1df38c69c11,,
81,81.0,81.0,81.0,81.0,81.0,81.0,81.0,81.0,81.0,81.0,81.0,81.0,81.0,81.0,81.0,81.0,81.0,81.0,81.0,junin,28-09-2024,/data/junin/28-09-2024.csv,202,202 puesto(s) encontrado(s) en total.,,468a1d9f-8cdf-446c-b1b3-eb3780b5afcd,,
82,82.0,82.0,82.0,82.0,82.0,82.0,82.0,82.0,82.0,82.0,82.0,82.0,82.0,82.0,82.0,82.0,82.0,82.0,82.0,arequipa,28-09-2024,/data/arequipa/28-09-2024.csv,84,84 puesto(s) encontrado(s) en total.,,0db87c40-fccc-4b6d-b2b4-6ab5fa494d00,,
83,83.0,83.0,83.0,83.0,83.0,83.0,83.0,83.0,83.0,83.0,83.0,83.0,83.0,83.0,83.0,83.0,83.0,83.0,83.0,ayacucho,28-09-2024,/data/ayacucho/28-09-2024.csv,34,34 puesto(s) encontrado(s) en total.,,c342ba37-dfbb-445b-9a2a-6c03cadc01a5,,
84,84.0,84.0,84.0,84.0,84.0,84.0,84.0,84.0,84.0,84.0,84.0,84.0,84.0,84.0,84.0,84.0,84.0,84.0,84.0,la_libertad,28-09-2024,/data/la_libertad/28-09-2024.csv,175,175 puesto(s) encontrado(s) en total.,,c252fcae-e35a-44f6-8bff-907d09972691,,
85,85.0,85.0,85.0,85.0,85.0,85.0,85.0,85.0,85.0,85.0,85.0,85.0,85.0,85.0,85.0,85.0,85.0,85.0,85.0,lambayeque,28-09-2024,/data/lambayeque/28-09-2024.csv,48,48 puesto(s) encontrado(s) en total.,,4b6cc994-591e-4fd1-839f-b670dde3705e,,
86,86.0,86.0,86.0,86.0,86.0,86.0,86.0,86.0,86.0,86.0,86.0,86.0,86.0,86.0,86.0,86.0,86.0,86.0,86.0,cajamarca,28-09-2024,/data/cajamarca/28-09-2024.csv,139,139 puesto(s) encontrado(s) en total.,,ca5ad66a-bea8-4188-ba9f-1709686d5d42,,
87,87.0,87.0,87.0,87.0,87.0,87.0,87.0,87.0,87.0,87.0,87.0,87.0,87.0,87.0,87.0,87.0,87.0,87.0,87.0,loreto,28-09-2024,/data/loreto/28-09-2024.csv,35,35 puesto(s) encontrado(s) en total.,,ef3ff56e-3dbb-4b98-b7f1-5cbf7b408756,,
88,88.0,88.0,88.0,88.0,88.0,88.0,88.0,88.0,88.0,88.0,88.0,88.0,88.0,88.0,88.0,88.0,88.0,88.0,88.0,callao,28-09-2024,/data/callao/28-09-2024.csv,21,21 puesto(s) encontrado(s) en total.,,e658fa05-7f58-4e0c-80f2-a07f04aac669,,
89,89.0,89.0,89.0,89.0,89.0,89.0,89.0,89.0,89.0,89.0,89.0,89.0,89.0,89.0,89.0,89.0,89.0,89.0,89.0,madre_de_dios,28-09-2024,/data/madre_de_dios/28-09-2024.csv,12,12 puesto(s) encontrado(s) en total.,,2100566a-b011-4031-8ce3-1968d045c14c,,
90,90.0,90.0,90.0,90.0,90.0,90.0,90.0,90.0,90.0,90.0,90.0,90.0,90.0,90.0,90.0,90.0,90.0,90.0,90.0,moquegua,28-09-2024,/data/moquegua/28-09-2024.csv,20,20 puesto(s) encontrado(s) en total.,,6dd865b6-24d1-4d5d-b4c6-931657d2a99f,,
91,91.0,91.0,91.0,91.0,91.0,91.0,91.0,91.0,91.0,91.0,91.0,91.0,91.0,91.0,91.0,91.0,91.0,91.0,91.0,pasco,28-09-2024,/data/pasco/28-09-2024.csv,25,25 puesto(s) encontrado(s) en total.,,4fee7975-2b46-4b8b-b4c2-e711b72797bb,,
92,92.0,92.0,92.0,92.0,92.0,92.0,92.0,92.0,92.0,92.0,92.0,92.0,92.0,92.0,92.0,92.0,92.0,92.0,92.0,piura,28-09-2024,/data/piura/28-09-2024.csv,37,37 puesto(s) encontrado(s) en total.,,9e05f143-e113-4bc9-a347-5225ba084b81,,
93,93.0,93.0,93.0,93.0,93.0,93.0,93.0,93.0,93.0,93.0,93.0,93.0,93.0,93.0,93.0,93.0,93.0,93.0,93.0,cusco,28-09-2024,/data/cusco/28-09-2024.csv,158,158 puesto(s) encontrado(s) en total.,,a66aba01-8224-4640-b1df-1f800ff22ab7,,
94,94.0,94.0,94.0,94.0,94.0,94.0,94.0,94.0,94.0,94.0,94.0,94.0,94.0,94.0,94.0,94.0,94.0,94.0,94.0,puno,28-09-2024,/data/puno/28-09-2024.csv,129,129 puesto(s) encontrado(s) en total.,,654c9ec2-c1d3-4544-92a6-ed0225259a78,,
95,95.0,95.0,95.0,95.0,95.0,95.0,95.0,95.0,95.0,95.0,95.0,95.0,95.0,95.0,95.0,95.0,95.0,95.0,95.0,huancavelica,28-09-2024,/data/huancavelica/28-09-2024.csv,110,110 puesto(s) encontrado(s) en total.,,2e8d5152-6dff-40ce-8b34-afa37e72707d,,
96,96.0,96.0,96.0,96.0,96.0,96.0,96.0,96.0,96.0,96.0,96.0,96.0,96.0,96.0,96.0,96.0,96.0,96.0,96.0,san_martin,28-09-2024,/data/san_martin/28-09-2024.csv,38,38 puesto(s) encontrado(s) en total.,,438866de-0252-4308-a8c7-0a52093230d5,,
97,97.0,97.0,97.0,97.0,97.0,97.0,97.0,97.0,97.0,97.0,97.0,97.0,97.0,97.0,97.0,97.0,97.0,97.0,97.0,tacna,28-09-2024,/data/tacna/28-09-2024.csv,35,35 puesto(s) encontrado(s) en total.,,635a5ab1-9ec4-465f-9260-f2d090b5e8cb,,
98,98.0,98.0,98.0,98.0,98.0,98.0,98.0,98.0,98.0,98.0,98.0,98.0,98.0,98.0,98.0,98.0,98.0,98.0,98.0,tumbes,28-09-2024,/data/tumbes/28-09-2024.csv,6,6 puesto(s) encontrado(s) en total.,,e791952a-a7de-41b0-808c-a92b99e628c3,,
99,99.0,99.0,99.0,99.0,99.0,99.0,99.0,99.0,99.0,99.0,99.0,99.0,99.0,99.0,99.0,99.0,99.0,99.0,99.0,huanuco,28-09-2024,/data/huanuco/28-09-2024.csv,98,98 puesto(s) encontrado(s) en total.,,d05e3cb4-f99a-48fd-95b2-f248da9f0eba,,
100,100.0,100.0,100.0,100.0,100.0,100.0,100.0,100.0,100.0,100.0,100.0,100.0,100.0,100.0,100.0,100.0,100.0,100.0,100.0,ica,28-09-2024,/data/ica/28-09-2024.csv,31,31 puesto(s) encontrado(s) en total.,,a1588036-f5b5-410b-a4ec-0298c9d11abc,,
101,101.0,101.0,101.0,101.0,101.0,101.0,101.0,101.0,101.0,101.0,101.0,101.0,101.0,101.0,101.0,101.0,101.0,101.0,101.0,lima,28-09-2024,/data/lima/28-09-2024.csv,1137,1137 puesto(s) encontrado(s) en total.,,5e61fae8-3351-4b2f-836a-53f5b2dbfee3,,
102,102.0,102.0,102.0,102.0,102.0,102.0,102.0,102.0,102.0,102.0,102.0,102.0,102.0,102.0,102.0,102.0,102.0,102.0,102.0,ucayali,28-09-2024,/data/ucayali/28-09-2024.csv,148,148 puesto(s) encontrado(s) en total.,,a97cd6f5-27ba-4ee6-abdf-0d9914e33610,,
103,103.0,103.0,103.0,103.0,103.0,103.0,103.0,103.0,103.0,103.0,103.0,103.0,103.0,103.0,103.0,103.0,103.0,103.0,103.0,junin,28-09-2024,/data/junin/28-09-2024.csv,202,202 puesto(s) encontrado(s) en total.,,a5ef9c84-a31b-49f9-adee-0b51e40b410f,,
104,104.0,104.0,104.0,104.0,104.0,104.0,104.0,104.0,104.0,104.0,104.0,104.0,104.0,104.0,104.0,104.0,104.0,104.0,104.0,amazonas,30-09-2024,/data/amazonas/30-09-2024.csv,36,36 puesto(s) encontrado(s) en total.,,671ed13f-0977-4807-a9d6-dbbae8eb4c33,,
105,105.0,105.0,105.0,105.0,105.0,105.0,105.0,105.0,105.0,105.0,105.0,105.0,105.0,105.0,105.0,105.0,105.0,105.0,105.0,ancash,30-09-2024,/data/ancash/30-09-2024.csv,42,42 puesto(s) encontrado(s) en total.,,7c53ad1b-3185-4018-964c-7db442aaf255,,
106,106.0,106.0,106.0,106.0,106.0,106.0,106.0,106.0,106.0,106.0,106.0,106.0,106.0,106.0,106.0,106.0,106.0,106.0,106.0,apurimac,30-09-2024,/data/apurimac/30-09-2024.csv,100,100 puesto(s) encontrado(s) en total.,,ab52d814-7c1b-4b3d-9f62-84d41bc4db5c,,
107,107.0,107.0,107.0,107.0,107.0,107.0,107.0,107.0,107.0,107.0,107.0,107.0,107.0,107.0,107.0,107.0,107.0,107.0,107.0,junin,30-09-2024,/data/junin/30-09-2024.csv,204,204 puesto(s) encontrado(s) en total.,,abee7ef4-ccd2-4c51-a836-843117e2d330,,
108,108.0,108.0,108.0,108.0,108.0,108.0,108.0,108.0,108.0,108.0,108.0,108.0,108.0,108.0,108.0,108.0,108.0,108.0,108.0,arequipa,30-09-2024,/data/arequipa/30-09-2024.csv,85,85 puesto(s) encontrado(s) en total.,,d2d0b199-f35a-444f-9ceb-043f361ca32a,,
109,109.0,109.0,109.0,109.0,109.0,109.0,109.0,109.0,109.0,109.0,109.0,109.0,109.0,109.0,109.0,109.0,109.0,109.0,109.0,ayacucho,30-09-2024,/data/ayacucho/30-09-2024.csv,41,41 puesto(s) encontrado(s) en total.,,bb026810-4b38-4ac2-acbb-9004a9682acc,,
110,110.0,110.0,110.0,110.0,110.0,110.0,110.0,110.0,110.0,110.0,110.0,110.0,110.0,110.0,110.0,110.0,110.0,110.0,110.0,la_libertad,30-09-2024,/data/la_libertad/30-09-2024.csv,200,200 puesto(s) encontrado(s) en total.,,5af6dd99-f3b0-4f53-8a26-ba0811e4e69a,,
111,111.0,111.0,111.0,111.0,111.0,111.0,111.0,111.0,111.0,111.0,111.0,111.0,111.0,111.0,111.0,111.0,111.0,111.0,111.0,lambayeque,30-09-2024,/data/lambayeque/30-09-2024.csv,48,48 puesto(s) encontrado(s) en total.,,4e83bbbd-da8c-4421-ba83-ae7526cdcbe7,,
112,112.0,112.0,112.0,112.0,112.0,112.0,112.0,112.0,112.0,112.0,112.0,112.0,112.0,112.0,112.0,112.0,112.0,112.0,112.0,cajamarca,30-09-2024,/data/cajamarca/30-09-2024.csv,141,141 puesto(s) encontrado(s) en total.,,b5d15cbc-b3bc-4768-af98-51f49928ba33,,
113,113.0,113.0,113.0,113.0,113.0,113.0,113.0,113.0,113.0,113.0,113.0,113.0,113.0,113.0,113.0,113.0,113.0,113.0,113.0,loreto,30-09-2024,/data/loreto/30-09-2024.csv,37,37 puesto(s) encontrado(s) en total.,,e8606fff-5b8e-46c4-9e38-38b34b978c86,,
114,114.0,114.0,114.0,114.0,114.0,114.0,114.0,114.0,114.0,114.0,114.0,114.0,114.0,114.0,114.0,114.0,114.0,114.0,114.0,callao,30-09-2024,/data/callao/30-09-2024.csv,24,24 puesto(s) encontrado(s) en total.,,929fb0de-197c-4833-a453-3a564adae4a2,,
115,115.0,115.0,115.0,115.0,115.0,115.0,115.0,115.0,115.0,115.0,115.0,115.0,115.0,115.0,115.0,115.0,115.0,115.0,115.0,madre_de_dios,30-09-2024,/data/madre_de_dios/30-09-2024.csv,12,12 puesto(s) encontrado(s) en total.,,7414c599-5818-4d09-8f57-db7fe47979e1,,
116,116.0,116.0,116.0,116.0,116.0,116.0,116.0,116.0,116.0,116.0,116.0,116.0,116.0,116.0,116.0,116.0,116.0,116.0,116.0,moquegua,30-09-2024,/data/moquegua/30-09-2024.csv,30,30 puesto(s) encontrado(s) en total.,,ec2a0701-82b8-4529-9d49-9ffe6587687c,,
117,117.0,117.0,117.0,117.0,117.0,117.0,117.0,117.0,117.0,117.0,117.0,117.0,117.0,117.0,117.0,117.0,117.0,117.0,117.0,pasco,30-09-2024,/data/pasco/30-09-2024.csv,27,27 puesto(s) encontrado(s) en total.,,5c96b358-dcd9-488f-a2f3-ea1dc12b93c3,,
118,118.0,118.0,118.0,118.0,118.0,118.0,118.0,118.0,118.0,118.0,118.0,118.0,118.0,118.0,118.0,118.0,118.0,118.0,118.0,cusco,30-09-2024,/data/cusco/30-09-2024.csv,159,159 puesto(s) encontrado(s) en total.,,4bd6c1e3-cb9d-4e09-89c0-b4d37597ab3f,,
119,119.0,119.0,119.0,119.0,119.0,119.0,119.0,119.0,119.0,119.0,119.0,119.0,119.0,119.0,119.0,119.0,119.0,119.0,119.0,piura,30-09-2024,/data/piura/30-09-2024.csv,65,65 puesto(s) encontrado(s) en total.,,3f75244f-8240-4f46-939c-e1bbb3374253,,
120,120.0,120.0,120.0,120.0,120.0,120.0,120.0,120.0,120.0,120.0,120.0,120.0,120.0,120.0,120.0,120.0,120.0,120.0,120.0,puno,30-09-2024,/data/puno/30-09-2024.csv,130,130 puesto(s) encontrado(s) en total.,,c02e4d16-8121-430a-b102-ba3860682536,,
121,121.0,121.0,121.0,121.0,121.0,121.0,121.0,121.0,121.0,121.0,121.0,121.0,121.0,121.0,121.0,121.0,121.0,121.0,121.0,huancavelica,30-09-2024,/data/huancavelica/30-09-2024.csv,115,115 puesto(s) encontrado(s) en total.,,1a0508f4-b59b-4dc0-9b29-2c48c8ed6fc6,,
122,122.0,122.0,122.0,122.0,122.0,122.0,122.0,122.0,122.0,122.0,122.0,122.0,122.0,122.0,122.0,122.0,122.0,122.0,122.0,san_martin,30-09-2024,/data/san_martin/30-09-2024.csv,40,40 puesto(s) encontrado(s) en total.,,6e1c8f2f-b29e-48ee-9354-c44fb3c1f38d,,
123,123.0,123.0,123.0,123.0,123.0,123.0,123.0,123.0,123.0,123.0,123.0,123.0,123.0,123.0,123.0,123.0,123.0,123.0,123.0,tacna,30-09-2024,/data/tacna/30-09-2024.csv,40,40 puesto(s) encontrado(s) en total.,,cd49ba4b-8947-49c7-aea0-cf5d9a713666,,
124,124.0,124.0,124.0,124.0,124.0,124.0,124.0,124.0,124.0,124.0,124.0,124.0,124.0,124.0,124.0,124.0,124.0,124.0,124.0,tumbes,30-09-2024,/data/tumbes/30-09-2024.csv,7,7 puesto(s) encontrado(s) en total.,,d6b1c391-4b32-444e-9472-1765c7ed071c,,
125,125.0,125.0,125.0,125.0,125.0,125.0,125.0,125.0,125.0,125.0,125.0,125.0,125.0,125.0,125.0,125.0,125.0,125.0,125.0,huanuco,30-09-2024,/data/huanuco/30-09-2024.csv,121,121 puesto(s) encontrado(s) en total.,,ab64103d-b5ee-474b-a75b-ecde5641b7a7,,
126,126.0,126.0,126.0,126.0,126.0,126.0,126.0,126.0,126.0,126.0,126.0,126.0,126.0,126.0,126.0,126.0,126.0,126.0,126.0,ucayali,30-09-2024,/data/ucayali/30-09-2024.csv,149,149 puesto(s) encontrado(s) en total.,,67d3a6be-3ffd-44ec-8c3d-1cadcfd89c59,,
127,127.0,127.0,127.0,127.0,127.0,127.0,127.0,127.0,127.0,127.0,127.0,127.0,127.0,127.0,127.0,127.0,127.0,127.0,127.0,ica,30-09-2024,/data/ica/30-09-2024.csv,31,31 puesto(s) encontrado(s) en total.,,8a4cefc8-6bf5-400d-9601-eaeb23b7dc56,,
128,128.0,128.0,128.0,128.0,128.0,128.0,128.0,128.0,128.0,128.0,128.0,128.0,128.0,128.0,128.0,128.0,128.0,128.0,128.0,junin,30-09-2024,/data/junin/30-09-2024.csv,204,204 puesto(s) encontrado(s) en total.,,beb5437b-dc96-49ec-bf50-78e1fcadec96,,
129,129.0,129.0,129.0,129.0,129.0,129.0,129.0,129.0,129.0,129.0,129.0,129.0,129.0,129.0,129.0,129.0,129.0,129.0,129.0,lima,30-09-2024,/data/lima/30-09-2024.csv,1337,1337 puesto(s) encontrado(s) en total.,,9b51414f-1503-4d5e-abc0-7b28fec2801d,,
130,130.0,130.0,130.0,130.0,130.0,130.0,130.0,130.0,130.0,130.0,130.0,130.0,130.0,130.0,130.0,130.0,130.0,130.0,130.0,all,01-10-2024,./data/all/01-10-2024.csv,3196,3196,,f6b11523-9693-4ed4-b200-12e0ec03178a,,
131,131.0,131.0,131.0,131.0,131.0,131.0,131.0,131.0,131.0,131.0,131.0,131.0,131.0,131.0,131.0,131.0,131.0,131.0,131.0,all,01-10-2024,./data/all/01-10-2024.csv,3196,3196,172.77143359184265,6e259590-f524-4fc7-948d-52ce43fd865a,,
132,132.0,132.0,132.0,132.0,132.0,132.0,132.0,132.0,132.0,132.0,132.0,132.0,132.0,132.0,132.0,132.0,132.0,132.0,132.0,all,02-10-2024,./data/all/02-10-2024.csv,3215,3215,110.03034520149232,3e504097-db45-40e1-8104-36dc7083fedb,,
133,133.0,133.0,133.0,133.0,133.0,133.0,133.0,133.0,133.0,133.0,133.0,133.0,133.0,133.0,133.0,133.0,133.0,133.0,133.0,all,03-10-2024,./data/all/03-10-2024.csv,3439,3439,118.85119318962096,9739f881-dbf2-4ae3-9ed7-d3661b6d188e,,
134,134.0,134.0,134.0,134.0,134.0,134.0,134.0,134.0,134.0,134.0,134.0,134.0,134.0,134.0,134.0,134.0,134.0,134.0,134.0,all,04-10-2024,./data/all/04-10-2024.csv,3448,3448,115.11876010894775,00f62ab8-e780-44a3-8f51-bb1ab28dced0,,
135,135.0,135.0,135.0,135.0,135.0,135.0,135.0,135.0,135.0,135.0,135.0,135.0,135.0,135.0,135.0,135.0,135.0,135.0,135.0,all,04-10-2024,./data/all/04-10-2024.csv,3448,3448,113.58094191551208,c3bc5ddb-18cf-4882-a1e9-cf70dd19e824,,
136,136.0,136.0,136.0,136.0,136.0,136.0,136.0,136.0,136.0,136.0,136.0,136.0,136.0,136.0,136.0,136.0,136.0,136.0,136.0,all,04-10-2024,./data/all/04-10-2024.csv,3434,3434,183.9986591339112,ae8b177a-fb01-4a7b-829e-dbbe3fa1608e,,
137,137.0,137.0,137.0,137.0,137.0,137.0,137.0,137.0,137.0,137.0,137.0,137.0,137.0,137.0,137.0,137.0,137.0,137.0,137.0,all,07-10-2024,./data/all/07-10-2024.csv,3215,3215,105.25899410247804,8f844ed7-3369-410a-8c95-5773d0735d7d,,
138,138.0,138.0,138.0,138.0,138.0,138.0,138.0,138.0,138.0,138.0,138.0,138.0,138.0,138.0,138.0,138.0,138.0,138.0,138.0,all,09-10-2024,./data/all/09-10-2024.csv,3287,3287,128.04125452041626,6fc72ebb-be94-4560-9535-1c0ffe2af97b,,
139,139.0,139.0,139.0,139.0,139.0,139.0,139.0,139.0,139.0,139.0,139.0,139.0,139.0,139.0,139.0,139.0,139.0,139.0,139.0,all,09-10-2024,./data/all/09-10-2024.csv,3170,3170,393.6722586154938,688a043c-23bd-4c82-88c6-7ba798e1f951,,
140,140.0,140.0,140.0,140.0,140.0,140.0,140.0,140.0,140.0,140.0,140.0,140.0,140.0,140.0,140.0,140.0,140.0,140.0,140.0,all,09-10-2024,./data/all/09-10-2024.csv,3191,3191,404.43030643463135,4e14e2ad-e43a-4bcf-a5bc-aea22b7ddd38,,
141,141.0,141.0,141.0,141.0,141.0,141.0,141.0,141.0,141.0,141.0,141.0,141.0,141.0,141.0,141.0,141.0,141.0,141.0,141.0,all,09-10-2024,./data/all/09-10-2024.csv,3191,3191,398.6736640930176,68ccddf7-96a5-4698-b514-3c3005f7be38,,
142,142.0,142.0,142.0,142.0,142.0,142.0,142.0,142.0,142.0,142.0,142.0,142.0,142.0,142.0,142.0,142.0,142.0,142.0,142.0,all,09-10-2024,./data/all/09-10-2024.csv,196,196,52.13931679725647,95251622-b7a7-45b9-a689-3861982657f8,,
143,143.0,143.0,143.0,143.0,143.0,143.0,143.0,143.0,143.0,143.0,143.0,143.0,143.0,143.0,143.0,143.0,143.0,143.0,143.0,all,09-10-2024,./data/all/09-10-2024.csv,196,196,55.30743718147278,e3b3fcb4-e3d8-4c57-b7e2-f522b30c30e3,,
144,144.0,144.0,144.0,144.0,144.0,144.0,144.0,144.0,144.0,144.0,144.0,144.0,144.0,144.0,144.0,144.0,144.0,144.0,144.0,all,09-10-2024,./data/all/09-10-2024.csv,196,196,53.122334480285645,c2ca639a-4c5f-487c-9881-e845cf64d9cb,,
145,145.0,145.0,145.0,145.0,145.0,145.0,145.0,145.0,145.0,145.0,145.0,145.0,145.0,145.0,145.0,145.0,145.0,145.0,145.0,all,09-10-2024,./data/all/09-10-2024.csv,122,122,43.18836736679077,457bf8b6-f5cd-4e59-9599-bfcd6b5a10d2,,
146,146.0,146.0,146.0,146.0,146.0,146.0,146.0,146.0,146.0,146.0,146.0,146.0,146.0,146.0,146.0,146.0,146.0,146.0,146.0,all,09-10-2024,./data/all/09-10-2024.csv,114,114,24.538647890090942,81c5344c-f3bc-4a7d-b105-c980a07aea6a,,
147,147.0,147.0,147.0,147.0,147.0,147.0,147.0,147.0,147.0,147.0,147.0,147.0,147.0,147.0,147.0,147.0,147.0,147.0,147.0,all,09-10-2024,./data/all/09-10-2024.csv,124,124,26.43429970741272,8b08f9d0-c76a-47e0-b8ea-678893f1d202,,
148,148.0,148.0,148.0,148.0,148.0,148.0,148.0,148.0,148.0,148.0,148.0,148.0,148.0,148.0,148.0,148.0,148.0,148.0,148.0,all,09-10-2024,./data/all/09-10-2024.csv,124,124,25.822625160217285,31fb2fa3-f518-451c-a19a-4f19e53f601e,,
149,149.0,149.0,149.0,149.0,149.0,149.0,149.0,149.0,149.0,149.0,149.0,149.0,149.0,149.0,149.0,149.0,149.0,149.0,149.0,all,09-10-2024,./data/all/09-10-2024.csv,125,125,26.6769597530365,4ecab536-a2fc-49b5-9047-a709244eff14,,
150,150.0,150.0,150.0,150.0,150.0,150.0,150.0,150.0,150.0,150.0,150.0,150.0,150.0,150.0,150.0,150.0,150.0,150.0,150.0,all,09-10-2024,./data/all/09-10-2024.csv,3251,3251,407.4403104782105,c35fa0c9-f5a2-4752-a09d-01160ae9ab56,,
151,151.0,151.0,151.0,151.0,151.0,151.0,151.0,151.0,151.0,151.0,151.0,151.0,151.0,151.0,151.0,151.0,151.0,151.0,151.0,all,10-10-2024,./data/all/10-10-2024.csv,3331,3331,417.94577288627625,3f9f77b7-5cd9-4133-9760-24b157b7c38c,,
152,152.0,152.0,152.0,152.0,152.0,152.0,152.0,152.0,152.0,152.0,152.0,152.0,152.0,152.0,152.0,152.0,152.0,152.0,152.0,all,10-10-2024,./data/all/10-10-2024.csv,3552,3552,435.26386737823486,1e7ce7f7-d14c-483e-b389-80cca3b4c1fe,,
153,153.0,153.0,153.0,153.0,153.0,153.0,153.0,153.0,153.0,153.0,153.0,153.0,153.0,153.0,153.0,153.0,153.0,153.0,153.0,all,10-10-2024,./data/all/10-10-2024.csv,3604,3604,421.26032400131226,02b7c386-133b-4c92-afc1-91c932305749,,
154,154.0,154.0,154.0,154.0,154.0,154.0,154.0,154.0,154.0,154.0,154.0,154.0,154.0,154.0,154.0,154.0,154.0,154.0,154.0,all,11-10-2024,./data/all/11-10-2024.csv,3572,3572,114.89457774162292,fa907260-95eb-4d48-a57b-93801c10cbec,,
155,155.0,155.0,155.0,155.0,155.0,155.0,155.0,155.0,155.0,155.0,155.0,155.0,155.0,155.0,155.0,155.0,155.0,155.0,155.0,all,12-10-2024,./data/all/12-10-2024.csv,3164,3164,94.32978510856628,05391237-bdae-4229-b627-fb7f860ea41f,,
156,156.0,156.0,156.0,156.0,156.0,156.0,156.0,156.0,156.0,156.0,156.0,156.0,156.0,156.0,156.0,156.0,156.0,156.0,156.0,all,14-10-2024,./data/all/14-10-2024.csv,116,116,26.19081354141236,,,
157,157.0,157.0,157.0,157.0,157.0,157.0,157.0,157.0,157.0,157.0,157.0,157.0,157.0,157.0,157.0,157.0,157.0,157.0,157.0,all,14-10-2024,./data/all/14-10-2024.csv,4404,4404,398.8187537193298,,,
158,158.0,158.0,158.0,158.0,158.0,158.0,158.0,158.0,158.0,158.0,158.0,158.0,158.0,158.0,158.0,158.0,158.0,158.0,158.0,all,15-10-2024,./data/all/15-10-2024.csv,4391,4391,412.0260052680969,,,
159,159.0,159.0,159.0,159.0,159.0,159.0,159.0,159.0,159.0,159.0,159.0,159.0,159.0,159.0,159.0,159.0,159.0,159.0,159.0,all,16-10-2024,./data/all/16-10-2024.csv,4419,4419,380.84409046173096,,,
160,160.0,160.0,160.0,160.0,160.0,160.0,160.0,160.0,160.0,160.0,160.0,160.0,160.0,160.0,160.0,160.0,160.0,160.0,160.0,all,18-10-2024,./data/all/18-10-2024.csv,4428,4428,370.5002346038818,,,
161,161.0,161.0,161.0,161.0,161.0,161.0,161.0,161.0,161.0,161.0,161.0,161.0,161.0,161.0,161.0,161.0,161.0,161.0,161.0,all,19-10-2024,./data/all/19-10-2024.csv,3970,3970,339.8071727752685,,,
162,162.0,162.0,162.0,162.0,162.0,162.0,162.0,162.0,162.0,162.0,162.0,162.0,162.0,162.0,162.0,162.0,162.0,162.0,162.0,all,21-10-2024,./data/all/21-10-2024.csv,4638,4638,406.1199834346771,,,
163,163.0,163.0,163.0,163.0,163.0,163.0,163.0,163.0,163.0,163.0,163.0,163.0,163.0,163.0,163.0,163.0,163.0,163.0,163.0,all,22-10-2024,./data/all/22-10-2024.csv,4689,4689,418.4631035327912,,,
164,164.0,164.0,164.0,164.0,164.0,164.0,164.0,164.0,164.0,164.0,164.0,164.0,164.0,164.0,164.0,164.0,164.0,164.0,164.0,all,23-10-2024,./data/all/23-10-2024.csv,4566,4566,406.3627898693085,,,
165,165.0,165.0,165.0,165.0,165.0,165.0,165.0,165.0,165.0,165.0,165.0,165.0,165.0,165.0,165.0,165.0,165.0,165.0,165.0,all,24-10-2024,./data/all/24-10-2024.csv,4265,4265,367.6207988262177,,,
166,166.0,166.0,166.0,166.0,166.0,166.0,166.0,166.0,166.0,166.0,166.0,166.0,166.0,166.0,166.0,166.0,166.0,166.0,166.0,all,26-10-2024,./data/all/26-10-2024.csv,3462,3462,309.18848037719727,,,
167,167.0,167.0,167.0,167.0,167.0,167.0,167.0,167.0,167.0,167.0,167.0,167.0,167.0,167.0,167.0,167.0,167.0,167.0,167.0,all,28-10-2024,./data/all/28-10-2024.csv,3964,3964,336.2085826396942,,,
168,168.0,168.0,168.0,168.0,168.0,168.0,168.0,168.0,168.0,168.0,168.0,168.0,168.0,168.0,168.0,168.0,168.0,168.0,168.0,all,09-11-2024,./data/all/09-11-2024.csv,37,37,10.6540687084198,,,
169,169.0,169.0,169.0,169.0,169.0,169.0,169.0,169.0,169.0,169.0,169.0,169.0,169.0,169.0,169.0,169.0,169.0,169.0,169.0,all,09-11-2024,./data/all/09-11-2024.csv,37,37,10.621680974960327,,,
170,170.0,170.0,170.0,170.0,170.0,170.0,170.0,170.0,170.0,170.0,170.0,170.0,170.0,170.0,170.0,170.0,170.0,170.0,170.0,all,11-11-2024,./data/all/11-11-2024.csv,44,44,10.406003952026367,,,
171,171.0,171.0,171.0,171.0,171.0,171.0,171.0,171.0,171.0,171.0,171.0,171.0,171.0,171.0,171.0,171.0,171.0,171.0,171.0,,,,6078,,,,./data/raw/12-11-2024.csv,./data/clean/12-11-2024.csv
172,172.0,172.0,172.0,172.0,172.0,172.0,172.0,172.0,172.0,172.0,172.0,172.0,172.0,172.0,172.0,172.0,172.0,172.0,,,,,121,,,,./data/raw/12-11-2024.csv,./data/clean/12-11-2024.csv
173,173.0,173.0,173.0,173.0,173.0,173.0,173.0,173.0,173.0,173.0,173.0,173.0,173.0,173.0,173.0,173.0,173.0,,,,,,6074,,,,./data/raw/12-11-2024.csv,./data/clean/12-11-2024.csv
174,174.0,174.0,174.0,174.0,174.0,174.0,174.0,174.0,174.0,174.0,174.0,174.0,174.0,174.0,174.0,174.0,,,,,,,5862,,,,./data/raw/13-11-2024.csv,./data/clean/13-11-2024.csv
175,175.0,175.0,175.0,175.0,175.0,175.0,175.0,175.0,175.0,175.0,175.0,175.0,175.0,175.0,175.0,,,,,,,,5868,,,,./data/raw/14-11-2024.csv,./data/clean/14-11-2024.csv
176,176.0,176.0,176.0,176.0,176.0,176.0,176.0,176.0,176.0,176.0,176.0,176.0,176.0,176.0,,,,,,,,,5643,,,,./data/raw/15-11-2024.csv,./data/clean/15-11-2024.csv
177,177.0,177.0,177.0,177.0,177.0,177.0,177.0,177.0,177.0,177.0,177.0,177.0,177.0,,,,,,,,,,5081,,,,./data/raw/16-11-2024.csv,./data/clean/16-11-2024.csv
178,178.0,178.0,178.0,178.0,178.0,178.0,178.0,178.0,178.0,178.0,178.0,178.0,,,,,,,,,,,5081,,,,./data/raw/17-11-2024.csv,./data/clean/17-11-2024.csv
179,179.0,179.0,179.0,179.0,179.0,179.0,179.0,179.0,179.0,179.0,179.0,,,,,,,,,,,,5353,,,,./data/raw/18-11-2024.csv,./data/clean/18-11-2024.csv
180,180.0,180.0,180.0,180.0,180.0,180.0,180.0,180.0,180.0,180.0,,,,,,,,,,,,,5775,,,,./data/raw/19-11-2024.csv,./data/clean/19-11-2024.csv
181,181.0,181.0,181.0,181.0,181.0,181.0,181.0,181.0,181.0,,,,,,,,,,,,,,5439,,,,./data/raw/20-11-2024.csv,./data/clean/20-11-2024.csv
182,182.0,182.0,182.0,182.0,182.0,182.0,182.0,182.0,,,,,,,,,,,,,,,5677,,,,./data/raw/21-11-2024.csv,./data/clean/21-11-2024.csv
183,183.0,183.0,183.0,183.0,183.0,183.0,183.0,,,,,,,,,,,,,,,,5726,,,,./data/raw/22-11-2024.csv,./data/clean/22-11-2024.csv
184,184.0,184.0,184.0,184.0,184.0,184.0,,,,,,,,,,,,,,,,,3724,,,,./data/raw/23-11-2024.csv,./data/clean/23-11-2024.csv
185,185.0,185.0,185.0,185.0,185.0,,,,,,,,,,,,,,,,,,3724,,,,./data/raw/24-11-2024.csv,./data/clean/24-11-2024.csv
186,186.0,186.0,186.0,186.0,,,,,,,,,,,,,,,,,,,4375,,,,./data/raw/25-11-2024.csv,./data/clean/25-11-2024.csv
187,187.0,187.0,187.0,,,,,,,,,,,,,,,,,,,,4151,,,,./data/raw/26-11-2024.csv,./data/clean/26-11-2024.csv
188,188.0,188.0,,,,,,,,,,,,,,,,,,,,,4207,,,,./data/raw/27-11-2024.csv,./data/clean/27-11-2024.csv
189,189.0,,,,,,,,,,,,,,,,,,,,,,4028,,,,./data/raw/28-11-2024.csv,./data/clean/28-11-2024.csv
190,,,,,,,,,,,,,,,,,,,,,,,4495,,,,./data/raw/29-11-2024.csv,./data/clean/29-11-2024.csv
